Time (s),Volume (m^3),n-heptane,Ar,He,Ne,N2,X(1),C2H4(2),C4H8-1(3),C4H8-2(4)
0.0,0.0010048633302857143,0.33000000000000002,0.0,0.0,0.0,0.0,0.27332282583771428,0.67000000000000004,0.0,0.0
