Time (s),Volume (m^3),N2,Ar,He,Ne,X(1),CH4(2),O2(3),CO2(4),H2O(5),H2(6),CO(7),C2H6(8),CH2O(9),CH3(10),C3H8(11),H(12),C2H5(13),CH3OH(14),HCO(15),CH3CHO(16),OH(17),C2H4(18),CH3OHX(46)
0.0,0.09846895040710585,0.70588235,0.0,0.0,0.0,0.2855599561806069,0.0,0.17647059,0.0,0.0,0.0,0.0,0.0,0.0,0.0,0.0,0.0,0.0,0.11764706,0.0,0.0,0.0,0.0,0.0
